,specific_vague,words,images
Q24,0.505484155905262,-0.0178255666885352,-0.202227571025776
Q25,0.420233675342871,0.354652504556789,0.411592279091622
Q26,0.609193433317954,0.193446447854469,0.233051305792969
Q27,0.621880189291556,-0.0776563636070354,-0.529901808474933
Q28,0.594768988557598,0.360917621277855,0.0416370955275315
Q29,0.266914025289534,0.597991420241591,-0.11635468597048
Q30,0.350852795503401,-0.746289380393119,0.151819253554742
Q31,0.575295807034603,-0.559741478875219,0.121408921681165